{
  "accuracy": 0.4603065848350525,
  "win_rate": 0.35312707917498337,
  "expected_value": -0.0014061876247504976,
  "confusion_matrix": [
    [
      23591,
      632,
      3219
    ],
    [
      14048,
      500,
      670
    ],
    [
      11908,
      258,
      2123
    ]
  ]
}